49.94133,229.79996,-645.11670
48.89362,228.75223,-644.78040
48.54437,229.10147,-644.10767
47.84590,229.79996,-644.78040
47.14742,228.40300,-646.12573
48.89362,225.25983,-645.78943
48.54437,224.21211,-645.78943
48.71899,229.27609,-644.27582
47.49666,229.79996,-643.77130
48.89362,228.40300,-643.43494
48.36975,229.27609,-644.61218
50.29057,229.79996,-645.78943
47.84590,228.05376,-645.11670
49.24286,229.45071,-643.43494
48.19513,227.70451,-643.77130
48.36975,228.57762,-644.61218
48.71899,229.62534,-644.94855
48.19513,229.45071,-643.43494
48.71899,230.32382,-643.93945
48.71899,228.92685,-643.60315
46.62355,229.27609,-642.93042
48.54437,229.45071,-644.10767
48.89362,229.10147,-644.78040
47.49666,231.19691,-644.10767
49.41748,229.97458,-646.29395
48.19513,230.14920,-644.10767
48.02052,231.02229,-643.26678
49.06824,231.02229,-644.94855
47.84590,229.45071,-643.77130
47.49666,230.14920,-644.44403
44.00426,234.34007,-648.14386
43.65501,235.38780,-649.15289
48.36975,229.27609,-644.94855
48.54437,229.45071,-644.10767
48.71899,228.57762,-644.94855
48.89362,229.10147,-643.77130
48.19513,226.65680,-644.44403
49.41748,229.62534,-643.26678
48.89362,230.14920,-644.10767
48.89362,229.10147,-643.09863
48.89362,229.10147,-643.09863
49.41748,229.62534,-644.27582
48.54437,228.05376,-644.78040
49.76672,227.87914,-644.94855
49.41748,228.92685,-645.62122
48.19513,228.05376,-643.77130
48.36975,229.97458,-644.94855
49.06824,228.92685,-645.28491
49.94133,228.75223,-644.78040
48.19513,228.05376,-643.77130
48.89362,228.75223,-643.09863
48.19513,229.10147,-644.78040
48.71899,229.62534,-644.27582
48.19513,228.75223,-643.77130
47.49666,228.75223,-644.44403
49.24286,229.10147,-643.09863
48.02052,228.22838,-645.28491
47.49666,228.40300,-644.44403
47.67128,229.62534,-643.60315
48.19513,230.49843,-644.44403
49.76672,229.62534,-645.62122
47.49666,229.45071,-644.10767
49.41748,229.97458,-644.61218
48.02052,229.97458,-644.94855
49.06824,229.62534,-643.26678
48.71899,230.32382,-643.26678
48.54437,228.75223,-643.43494
48.54437,228.05376,-643.43494
48.36975,228.92685,-644.61218
47.84590,230.84767,-644.10767
49.24286,229.10147,-643.77130
48.54437,229.10147,-644.44403
49.24286,228.75223,-644.10767
48.89362,228.40300,-644.78040
48.54437,227.70451,-644.10767
48.36975,228.57762,-643.26678
48.71899,229.62534,-643.93945
48.89362,229.10147,-644.44403
47.14742,228.05376,-645.45306
47.14742,228.05376,-645.45306
-3.14316,297.20331,-670.00653
-1.57158,296.67944,-670.17468
14.49347,267.69250,-680.93787
49.94133,228.40300,-644.44403
49.41748,230.32382,-644.61218
49.59210,229.79996,-644.44403
49.41748,230.32382,-644.27582
47.84590,229.10147,-644.10767
48.71899,230.67305,-642.25775
49.06824,229.27609,-644.27582
48.19513,228.75223,-643.77130
47.67128,228.57762,-644.27582
47.67128,228.57762,-644.27582
49.06824,227.52989,-643.60315
48.89362,229.45071,-644.78040
49.59210,228.75223,-644.10767
49.24286,229.79996,-646.12573
48.02052,229.27609,-643.93945
49.24286,229.79996,-644.10767
48.89362,229.45071,-643.77130
48.36975,228.57762,-644.61218
48.19513,229.79996,-644.78040
49.94133,229.79996,-644.78040
49.94133,230.14920,-642.76227
49.24286,228.75223,-644.10767
48.89362,227.70451,-646.12573
50.11595,224.73598,-645.62122
50.29057,224.91060,-645.45306
48.71899,229.97458,-645.28491
49.59210,229.10147,-643.77130
49.76672,230.67305,-644.61218
49.24286,228.40300,-645.45306
49.59210,228.05376,-644.10767
48.89362,229.45071,-643.43494
48.02052,228.92685,-644.27582
49.41748,228.92685,-644.27582
49.59210,230.49843,-644.78040
47.32204,228.22838,-644.94855
49.59210,230.14920,-643.09863
49.24286,228.75223,-644.78040
49.24286,229.45071,-644.78040
49.06824,229.62534,-643.93945
48.71899,229.97458,-643.26678
48.19513,230.14920,-644.10767
48.54437,229.45071,-643.43494
49.41748,229.27609,-644.61218
47.84590,229.79996,-644.44403
48.89362,231.19691,-643.77130
48.36975,229.27609,-644.94855
50.63982,228.75223,-644.78040
46.79817,230.84767,-645.78943
44.17888,233.46698,-647.97571
44.70273,234.34007,-647.80750
49.41748,228.92685,-642.93042
48.19513,229.10147,-645.11670
48.36975,229.27609,-644.27582
47.84590,229.10147,-644.10767
49.06824,227.18065,-644.61218
49.06824,227.18065,-644.61218
49.76672,229.27609,-644.61218
47.84590,228.75223,-644.44403
49.24286,229.79996,-644.10767
49.76672,229.62534,-644.94855
48.89362,229.45071,-643.43494
48.89362,228.05376,-644.10767
48.89362,229.79996,-644.44403
49.59210,228.75223,-644.10767
48.36975,227.87914,-643.60315
48.54437,228.75223,-644.44403
48.89362,228.75223,-643.43494
48.54437,229.10147,-644.10767
49.24286,230.49843,-644.78040
49.06824,228.92685,-644.61218
49.94133,229.10147,-644.44403
48.19513,229.10147,-644.10767
49.94133,229.45071,-644.44403
48.54437,229.79996,-643.77130
47.67128,228.57762,-645.62122
47.32204,230.32382,-642.93042
49.59210,229.45071,-644.10767
49.59210,229.10147,-643.43494
48.89362,229.45071,-644.10767
48.89362,230.14920,-643.77130
48.36975,229.27609,-643.93945
49.24286,228.05376,-643.09863
47.49666,228.75223,-643.77130
49.24286,229.79996,-643.77130
48.71899,230.32382,-644.27582
49.41748,228.22838,-643.93945
48.54437,228.75223,-643.77130
48.89362,230.49843,-643.43494
47.84590,230.84767,-645.11670
48.89362,228.40300,-644.44403
48.71899,228.22838,-644.94855
49.59210,229.10147,-644.78040
48.02052,229.97458,-644.61218
49.41748,229.62534,-645.62122
48.54437,228.40300,-645.11670
49.76672,229.97458,-643.93945
47.49666,229.79996,-644.78040
47.49666,229.79996,-644.78040
14.14423,293.88550,-646.96661
14.31885,293.71088,-647.13477
26.01839,255.11986,-668.49292
49.76672,229.62534,-645.28491
48.54437,229.45071,-644.44403
48.02052,229.97458,-643.93945
49.94133,229.79996,-644.44403
47.84590,229.45071,-644.78040
47.49666,231.19691,-645.45306
47.49666,231.19691,-645.45306
48.71899,230.32382,-643.93945
48.71899,230.32382,-643.93945
47.84590,229.45071,-645.45306
48.71899,230.32382,-644.94855
48.54437,230.49843,-645.11670
48.54437,230.14920,-645.11670
47.32204,230.67305,-645.28491
48.71899,230.67305,-644.94855
49.24286,229.10147,-644.10767
47.32204,229.97458,-645.62122
48.71899,230.32382,-644.94855
48.89362,229.79996,-645.11670
48.71899,232.07002,-645.28491
48.19513,229.79996,-645.45306
48.19513,229.45071,-645.78943
47.67128,227.18065,-647.30298
48.54437,224.91060,-647.80750
48.71899,225.08522,-645.28491
47.84590,230.14920,-645.45306
48.02052,230.32382,-645.28491
47.84590,230.14920,-646.12573
47.67128,228.92685,-644.27582
47.84590,230.14920,-645.78943
48.02052,230.67305,-644.94855
46.97279,231.02229,-644.94855
47.32204,230.67305,-645.62122
47.84590,230.14920,-644.78040
48.19513,229.10147,-644.44403
48.02052,229.97458,-644.61218
48.71899,230.67305,-645.62122
47.14742,229.10147,-646.12573
46.97279,231.02229,-645.28491
48.36975,230.32382,-645.95758
48.19513,230.49843,-645.11670
48.71899,229.27609,-645.28491
48.71899,231.72078,-647.30298
49.59210,230.84767,-644.44403
47.84590,230.49843,-644.78040
47.49666,229.45071,-645.78943
48.02052,230.67305,-646.63025
44.35350,229.10147,-646.12573
40.33723,231.72078,-648.31201
41.03572,234.51469,-647.97571
48.02052,231.37154,-646.29395
48.36975,230.67305,-644.61218
48.36975,230.67305,-645.28491
49.41748,229.62534,-645.28491
48.89362,230.49843,-645.11670
49.41748,231.37154,-644.61218
49.06824,230.32382,-644.94855
48.89362,231.19691,-646.46210
48.71899,229.97458,-645.95758
48.71899,229.97458,-645.95758
48.36975,231.37154,-644.94855
48.36975,231.37154,-644.94855
47.84590,230.14920,-645.45306
48.54437,230.14920,-644.44403
48.89362,231.54616,-645.78943
47.67128,231.72078,-645.95758
48.19513,230.14920,-646.46210
49.41748,231.02229,-646.29395
48.54437,232.24463,-645.78943
49.76672,231.02229,-645.62122
47.84590,230.84767,-646.12573
49.59210,230.84767,-646.46210
48.54437,231.89540,-645.11670
49.24286,231.89540,-644.44403
48.54437,231.19691,-646.12573
48.02052,232.41925,-647.30298
46.97279,231.02229,-645.62122
50.63982,230.49843,-645.45306
49.76672,232.07002,-645.95758
48.19513,231.89540,-646.12573
49.06824,231.72078,-645.95758
49.94133,232.59387,-645.78943
49.41748,231.37154,-647.30298
48.54437,230.84767,-645.45306
48.89362,231.89540,-646.46210
49.59210,231.54616,-646.46210
49.41748,231.02229,-645.95758
48.71899,232.41925,-646.96661
49.59210,230.84767,-646.46210
48.36975,231.37154,-645.95758
49.59210,231.89540,-645.78943
49.06824,231.72078,-646.29395
47.14742,230.49843,-646.46210
47.49666,232.24463,-645.78943
48.19513,231.54616,-647.13477
48.89362,230.49843,-646.12573
48.89362,230.49843,-646.12573
49.59210,230.84767,-645.78943
60.24391,242.54721,-634.18536
52.38602,277.29660,-626.95386
46.09970,232.59387,-647.47113
46.09970,232.59387,-647.47113
47.49666,230.49843,-646.12573
48.71899,230.67305,-646.29395
48.71899,230.32382,-647.97571
49.06824,229.62534,-646.29395
50.11595,231.02229,-645.95758
48.02052,230.67305,-646.63025
49.24286,231.54616,-645.11670
49.24286,231.19691,-647.47113
48.19513,232.24463,-647.80750
48.36975,231.72078,-646.29395
49.06824,231.37154,-648.31201
48.89362,231.89540,-646.79846
48.89362,231.19691,-645.11670
48.89362,231.54616,-646.46210
49.76672,231.37154,-646.29395
49.76672,230.32382,-647.30298
47.49666,229.79996,-646.12573
49.24286,232.24463,-645.78943
48.71899,231.02229,-646.96661
49.24286,230.84767,-646.12573
48.02052,231.37154,-646.96661
49.59210,224.21211,-652.85272
49.24286,222.81516,-648.81653
50.46519,221.24358,-648.98474
49.41748,230.67305,-646.29395
49.76672,231.37154,-647.63934
49.76672,232.07002,-645.95758
46.62355,231.37154,-646.29395
49.59210,231.89540,-646.46210
47.49666,231.54616,-645.45306
47.14742,230.84767,-646.12573
48.71899,231.72078,-646.29395
48.02052,231.72078,-646.96661
48.19513,231.19691,-648.14386
48.89362,230.14920,-646.12573
49.06824,231.72078,-647.63934
49.06824,231.37154,-645.95758
48.71899,229.62534,-646.63025
48.71899,231.37154,-646.29395
48.02052,232.07002,-647.97571
48.02052,232.07002,-647.97571
47.14742,230.49843,-647.80750
48.54437,231.54616,-646.79846
48.02052,231.37154,-647.97571
48.02052,231.37154,-647.97571
46.62355,231.72078,-646.63025
48.36975,232.07002,-647.30298
36.49559,228.92685,-649.32104
36.84483,228.57762,-648.31201
41.90881,230.84767,-645.78943
48.02052,231.72078,-647.30298
48.89362,230.14920,-648.81653
47.49666,229.45071,-646.79846
47.67128,230.67305,-647.30298
49.41748,231.72078,-645.62122
48.89362,231.19691,-646.79846
48.89362,231.19691,-649.15289
48.36975,230.32382,-646.96661
48.19513,231.19691,-647.80750
48.54437,231.89540,-647.80750
48.02052,231.72078,-647.97571
48.89362,230.84767,-647.80750
48.54437,229.79996,-648.48022
48.02052,231.72078,-646.96661
47.67128,231.72078,-647.97571
49.59210,231.54616,-647.80750
47.84590,232.59387,-646.12573
48.71899,232.76849,-647.30298
47.67128,231.37154,-646.29395
48.19513,231.54616,-647.47113
48.89362,231.89540,-647.80750
48.54437,232.59387,-647.47113
49.76672,231.72078,-646.29395
49.94133,231.19691,-647.80750
49.41748,231.72078,-645.95758
49.76672,231.37154,-646.96661
48.02052,233.46698,-645.95758
48.89362,231.54616,-646.12573
47.67128,233.11774,-646.96661
47.32204,232.41925,-647.30298
47.67128,231.72078,-647.63934
49.06824,232.07002,-647.30298
50.11595,231.72078,-646.96661
49.59210,232.24463,-648.14386
48.54437,230.84767,-647.47113
48.02052,231.02229,-647.30298
49.59210,232.24463,-647.80750
48.54437,233.29236,-648.48022
49.59210,232.59387,-647.80750
47.67128,231.02229,-647.63934
49.76672,232.41925,-648.64838
49.06824,232.41925,-648.31201
48.19513,231.89540,-648.48022
48.71899,232.76849,-647.30298
48.54437,231.54616,-647.47113
47.84590,233.29236,-646.79846
47.84590,233.29236,-646.79846
55.00533,245.69038,-634.52173
56.57690,257.73917,-638.05341
57.27538,254.94524,-638.72607
47.32204,230.67305,-648.64838
48.54437,232.94312,-647.47113
47.67128,232.76849,-647.97571
48.89362,230.84767,-646.12573
48.89362,230.14920,-648.48022
47.32204,231.37154,-648.31201
48.36975,232.76849,-648.64838
49.06824,231.02229,-647.63934
46.97279,232.41925,-648.98474
50.11595,232.41925,-649.65741
49.41748,232.41925,-647.30298
48.19513,231.54616,-648.14386
48.02052,231.37154,-647.30298
49.76672,232.41925,-646.63025
47.67128,231.72078,-646.63025
48.71899,231.02229,-649.65741
49.24286,231.54616,-647.13477
48.02052,231.02229,-647.97571
48.02052,233.11774,-648.64838
48.89362,231.19691,-649.15289
48.89362,233.64160,-648.14386
48.19513,232.59387,-647.80750
43.13115,218.10042,-654.36633
46.97279,214.60802,-652.34821
47.84590,217.22731,-649.82556
47.49666,231.54616,-649.15289
48.02052,231.72078,-648.31201
47.14742,232.24463,-647.47113
47.67128,232.07002,-647.63934
48.02052,232.07002,-647.30298
48.54437,232.24463,-648.48022
47.32204,232.76849,-647.63934
46.09970,232.24463,-648.81653
47.67128,234.16545,-647.63934
47.49666,231.54616,-648.14386
48.36975,231.02229,-647.97571
49.06824,231.72078,-648.64838
48.71899,232.07002,-648.64838
48.54437,231.54616,-647.47113
49.24286,232.59387,-648.48022
47.49666,231.89540,-647.80750
47.49666,231.89540,-647.80750
47.14742,231.54616,-649.15289
48.02052,232.76849,-647.30298
48.19513,231.89540,-647.80750
46.97279,233.11774,-647.97571
49.06824,232.07002,-646.63025
47.84590,230.84767,-648.14386
40.33723,225.43445,-647.30298
39.63875,225.43445,-646.63025
43.82964,229.27609,-643.26678
48.54437,232.59387,-649.15289
48.19513,232.59387,-647.47113
47.32204,231.72078,-647.30298
48.36975,231.72078,-649.32104
47.84590,232.59387,-647.80750
48.19513,232.94312,-647.47113
46.62355,231.72078,-648.31201
46.97279,231.72078,-647.63934
47.84590,232.24463,-646.79846
48.02052,231.37154,-648.64838
46.97279,232.41925,-648.31201
49.41748,232.41925,-648.31201
47.49666,232.24463,-648.81653
47.32204,232.07002,-649.32104
48.71899,231.02229,-648.64838
46.62355,232.76849,-648.31201
48.02052,231.02229,-648.64838
48.54437,232.59387,-648.81653
47.32204,232.76849,-648.31201
47.84590,231.19691,-649.82556
48.02052,231.37154,-649.32104
47.32204,231.72078,-649.32104
47.14742,231.89540,-648.81653
48.36975,232.07002,-649.65741
48.36975,233.11774,-648.64838
48.19513,231.89540,-647.80750
47.32204,231.37154,-648.64838
46.97279,231.72078,-648.64838
47.14742,232.94312,-649.82556
47.14742,232.24463,-649.48926
47.49666,233.99083,-649.82556
45.75046,232.24463,-650.49829
47.14742,231.19691,-650.16193
46.27432,231.37154,-649.32104
46.97279,231.72078,-649.32104
47.14742,231.19691,-650.83466
46.97279,232.07002,-649.32104
45.92508,232.41925,-649.32104
46.97279,232.76849,-649.65741
45.92508,231.02229,-649.65741
45.92508,231.02229,-649.65741
46.62355,232.76849,-650.33008
46.62355,232.07002,-648.64838
46.79817,231.54616,-649.15289
46.79817,231.89540,-649.48926
45.75046,230.49843,-650.83466
46.27432,231.02229,-649.32104
51.51292,241.49950,-643.60315
52.03677,242.02336,-646.12573
51.68753,241.67412,-647.13477
46.79817,232.24463,-650.16193
46.27432,232.76849,-650.33008
46.97279,231.72078,-649.65741
47.49666,232.24463,-649.48926
46.79817,231.89540,-649.15289
46.62355,232.07002,-647.97571
45.22659,233.81622,-650.66644
44.87735,232.76849,-649.99377
44.70273,232.59387,-649.82556
47.67128,232.76849,-650.66644
46.09970,232.59387,-651.17102
46.62355,231.72078,-650.33008
45.75046,232.24463,-650.49829
44.52812,231.37154,-650.33008
46.62355,231.37154,-649.99377
44.87735,232.76849,-649.65741
46.09970,231.89540,-649.15289
46.09970,231.19691,-650.49829
46.09970,231.54616,-649.48926
46.27432,231.37154,-650.66644
45.05197,233.29236,-650.49829
46.62355,232.07002,-649.65741
19.73207,196.44753,-653.35724
22.87523,197.14601,-651.67554
35.62250,210.24251,-637.38068
45.57584,232.76849,-649.99377
45.92508,229.97458,-649.32104
44.87735,232.76849,-650.66644
46.09970,232.59387,-650.83466
46.09970,231.54616,-649.48926
45.22659,233.11774,-650.33008
45.75046,233.29236,-650.16193
45.05197,232.59387,-651.50732
46.09970,230.14920,-650.16193
45.92508,232.07002,-649.32104
45.92508,232.07002,-649.32104
45.92508,232.76849,-649.65741
45.05197,233.29236,-651.17102
45.05197,233.29236,-651.17102
45.57584,231.37154,-651.00281
44.17888,233.11774,-649.99377
45.22659,229.62534,-649.99377
46.09970,232.59387,-648.81653
45.22659,232.76849,-649.32104
44.17888,231.72078,-648.98474
44.00426,232.24463,-651.17102
45.57584,232.07002,-649.32104
45.40121,231.54616,-650.49829
42.43268,220.54509,-646.96661
42.08344,219.84662,-646.29395
48.54437,229.45071,-647.13477
44.35350,232.94312,-650.49829
44.17888,231.02229,-651.00281
46.09970,231.89540,-650.83466
45.05197,232.59387,-650.49829
43.82964,232.41925,-652.01184
44.17888,231.72078,-651.00281
45.05197,232.94312,-651.50732
44.87735,232.07002,-649.32104
43.65501,230.84767,-650.16193
44.00426,231.19691,-650.16193
44.00426,231.54616,-651.50732
45.57584,231.02229,-650.66644
46.09970,232.24463,-649.82556
44.17888,232.07002,-650.66644
44.17888,230.67305,-651.00281
44.52812,230.32382,-651.00281
45.57584,232.76849,-650.33008
44.00426,230.84767,-649.48926
44.17888,231.37154,-651.67554
44.70273,231.19691,-650.83466
42.95654,231.89540,-651.84369
45.22659,232.07002,-651.67554
44.87735,231.37154,-651.33917
44.52812,231.72078,-651.00281
43.82964,232.76849,-650.33008
43.13115,232.76849,-651.00281
43.13115,232.76849,-651.00281
43.13115,231.72078,-651.00281
43.13115,232.41925,-651.33917
43.13115,232.41925,-651.33917
42.95654,230.49843,-651.17102
44.17888,232.76849,-651.00281
44.17888,232.76849,-651.00281
44.52812,231.37154,-649.65741
44.52812,231.37154,-649.65741
44.17888,231.37154,-649.99377
43.13115,232.07002,-649.32104
44.17888,230.32382,-649.99377
43.65501,230.49843,-651.17102
43.30577,230.84767,-651.84369
42.95654,231.19691,-650.16193
42.08344,231.37154,-650.33008
43.30577,231.89540,-650.16193
43.30577,232.24463,-651.17102
43.48039,231.02229,-652.68457
43.13115,231.37154,-650.66644
43.13115,233.11774,-651.67554
43.13115,233.11774,-651.67554
46.27432,236.95938,-648.31201
46.62355,236.95938,-648.98474
43.30577,232.24463,-650.83466
42.08344,231.72078,-651.00281
43.30577,231.54616,-650.16193
42.78192,231.72078,-649.99377
42.43268,232.07002,-650.66644
44.17888,232.76849,-651.00281
43.30577,231.89540,-650.16193
43.48039,230.67305,-651.00281
42.95654,231.89540,-650.49829
42.78192,231.72078,-650.33008
42.95654,230.84767,-651.50732
43.13115,232.41925,-651.00281
42.60730,231.19691,-651.50732
42.43268,231.37154,-651.67554
42.08344,231.72078,-650.66644
42.08344,230.32382,-651.67554
42.08344,232.41925,-651.33917
42.60730,231.89540,-651.84369
41.38495,232.41925,-651.00281
42.08344,230.32382,-652.68457
43.30577,231.54616,-651.50732
43.13115,233.46698,-649.65741
-29.16154,191.55817,-611.31366
-29.33615,192.08203,-611.48181
0.17462,196.79677,-606.94116
40.86110,232.24463,-650.49829
43.82964,230.32382,-649.99377
42.08344,232.41925,-651.33917
41.73419,231.72078,-650.66644
41.73419,231.72078,-650.66644
41.90881,232.24463,-650.49829
41.73419,230.32382,-651.00281
42.08344,233.11774,-651.67554
40.16261,231.19691,-651.50732
42.43268,232.41925,-651.00281
41.55957,230.84767,-649.48926
41.38495,232.07002,-651.33917
42.95654,231.54616,-650.49829
41.73419,233.46698,-651.00281
41.21034,231.54616,-650.16193
42.78192,232.07002,-651.67554
40.33723,231.72078,-651.00281
40.68648,231.37154,-651.00281
40.68648,231.72078,-651.00281
41.90881,231.89540,-648.81653
42.25806,232.59387,-649.82556
42.08344,231.72078,-651.33917
42.25806,230.84767,-650.49829
42.60730,222.46591,-647.47113
41.38495,222.98978,-648.64838
43.48039,230.32382,-649.65741
41.03572,231.72078,-650.33008
41.21034,231.19691,-650.83466
41.90881,231.89540,-651.50732
41.21034,232.24463,-650.16193
41.03572,233.46698,-650.66644
40.51186,232.59387,-650.49829
40.68648,231.72078,-652.01184
41.55957,231.89540,-651.17102
41.55957,232.24463,-651.17102
41.21034,231.89540,-651.50732
39.28952,231.02229,-649.32104
41.73419,232.07002,-652.01184
40.51186,231.19691,-649.48926
39.98799,232.07002,-652.01184
41.21034,232.24463,-650.83466
40.68648,231.37154,-652.01184
42.08344,232.76849,-650.66644
42.95654,232.59387,-650.83466
41.38495,232.07002,-651.33917
41.38495,231.72078,-652.01184
41.90881,233.64160,-651.84369
41.38495,231.72078,-650.33008
40.68648,231.02229,-652.01184
41.38495,232.76849,-649.99377
42.08344,230.32382,-652.01184
42.08344,230.32382,-652.01184
42.08344,231.72078,-651.00281
41.21034,230.84767,-650.83466
40.51186,231.89540,-650.83466
41.73419,232.41925,-651.67554
40.68648,231.72078,-652.01184
42.25806,231.54616,-651.50732
40.33723,232.41925,-652.01184
43.65501,231.89540,-652.85272
41.03572,232.41925,-652.01184
39.28952,229.62534,-651.00281
41.90881,232.59387,-650.49829
41.90881,233.29236,-650.49829
40.51186,232.59387,-650.49829
41.55957,231.89540,-651.17102
40.86110,231.54616,-651.17102
40.51186,231.89540,-650.83466
41.55957,230.84767,-649.48926
41.55957,230.84767,-649.48926
40.68648,230.67305,-650.66644
42.95654,232.24463,-651.50732
41.38495,231.72078,-650.66644
41.38495,231.72078,-650.66644
45.05197,236.08627,-649.82556
44.52812,237.30861,-650.66644
40.68648,231.37154,-650.33008
42.08344,234.16545,-651.67554
41.21034,231.19691,-649.82556
41.03572,231.72078,-650.66644
41.55957,232.94312,-651.17102
42.43268,232.41925,-649.99377
40.68648,231.02229,-651.00281
41.55957,231.19691,-651.17102
40.68648,232.76849,-650.66644
41.90881,232.24463,-652.18005
42.25806,231.89540,-650.49829
41.55957,233.99083,-649.82556
41.21034,231.19691,-650.16193
41.55957,231.19691,-650.83466
40.68648,232.07002,-650.33008
40.86110,231.54616,-651.17102
40.86110,231.19691,-651.84369
40.86110,231.89540,-651.17102
40.68648,232.41925,-651.33917
40.33723,232.07002,-651.00281
42.08344,231.72078,-650.33008
41.90881,233.29236,-650.83466
-59.89467,185.27185,-576.66974
-56.75150,186.66881,-577.34247
-7.33403,173.57231,-594.32806
42.08344,232.07002,-651.00281
42.08344,232.07002,-651.00281
39.46414,232.59387,-650.83466
41.03572,232.76849,-650.66644
40.51186,231.89540,-651.17102
40.33723,231.02229,-651.00281
39.98799,231.37154,-651.00281
39.81337,233.29236,-651.84369
40.86110,231.89540,-651.17102
40.16261,232.59387,-649.48926
39.81337,232.24463,-651.50732
40.16261,231.89540,-650.16193
40.33723,232.41925,-651.33917
40.86110,232.94312,-651.50732
39.63875,231.37154,-651.00281
39.28952,232.07002,-651.00281
40.86110,232.59387,-652.18005
40.68648,232.07002,-651.33917
40.51186,231.89540,-651.17102
40.68648,231.37154,-652.01184
40.33723,231.72078,-651.67554
39.63875,232.76849,-651.00281
39.46414,231.19691,-651.84369
41.90881,223.16440,-648.14386
42.43268,223.68825,-647.97571
40.51186,230.84767,-651.50732
39.63875,233.11774,-650.66644
41.21034,232.24463,-652.85272
40.33723,232.07002,-651.33917
41.03572,232.41925,-651.33917
40.51186,231.89540,-650.83466
41.38495,233.11774,-649.65741
40.33723,232.76849,-652.01184
41.73419,232.76849,-652.01184
40.86110,232.24463,-650.83466
41.55957,233.29236,-651.50732
39.46414,233.29236,-650.16193
39.46414,231.89540,-650.16193
40.68648,233.46698,-651.33917
41.03572,232.07002,-650.66644
41.03572,232.41925,-651.67554
40.33723,232.07002,-651.00281
41.73419,232.07002,-651.33917
39.81337,231.54616,-651.84369
40.33723,232.41925,-651.67554
39.81337,231.19691,-650.49829
40.51186,231.54616,-649.48926
41.03572,233.11774,-650.33008
40.68648,232.07002,-651.00281
40.68648,232.07002,-651.00281
38.76566,232.59387,-651.17102
38.76566,232.59387,-651.17102
41.03572,231.72078,-650.66644
40.86110,233.64160,-651.17102
39.63875,232.07002,-651.00281
40.33723,231.02229,-651.67554
40.86110,232.24463,-651.17102
40.33723,232.07002,-651.33917
39.98799,233.46698,-650.66644
39.81337,232.24463,-650.83466
41.03572,233.81622,-651.00281
39.63875,233.11774,-651.67554
40.51186,233.29236,-651.17102
39.46414,231.89540,-651.17102
40.86110,232.59387,-651.84369
38.24179,233.46698,-651.67554
39.11490,233.64160,-651.50732
40.33723,232.07002,-651.33917
39.98799,231.72078,-650.66644
39.28952,232.76849,-651.00281
39.28952,233.81622,-650.66644
39.81337,231.89540,-651.84369
39.81337,230.84767,-651.50732
39.81337,230.84767,-651.50732
45.75046,237.13400,-649.15289
42.95654,236.43552,-651.50732
39.81337,232.24463,-651.17102
39.46414,231.54616,-653.52539
40.33723,232.76849,-650.66644
39.81337,233.29236,-650.83466
40.16261,233.99083,-651.17102
40.51186,232.24463,-650.83466
40.16261,232.59387,-651.84369
41.38495,232.76849,-652.01184
40.68648,232.07002,-651.67554
40.33723,232.41925,-653.02087
40.16261,232.24463,-652.18005
41.03572,233.46698,-651.00281
41.21034,233.29236,-651.17102
39.28952,231.72078,-651.33917
41.03572,232.41925,-651.00281
40.33723,231.72078,-651.67554
40.51186,232.94312,-651.17102
39.28952,233.46698,-651.33917
40.51186,233.29236,-652.18005
41.90881,232.94312,-650.83466
39.98799,232.76849,-649.99377
40.68648,232.41925,-651.33917
-52.21138,185.97032,-589.78735
-51.33829,186.49419,-588.94647
8.38177,190.68507,-609.46375
8.38177,190.68507,-609.46375
39.46414,232.24463,-651.84369
41.03572,232.07002,-652.01184
41.03572,232.07002,-652.01184
40.16261,233.64160,-651.17102
41.03572,231.02229,-650.66644
40.51186,232.59387,-650.83466
39.81337,232.24463,-649.82556
39.98799,232.07002,-651.67554
41.21034,232.24463,-649.82556
38.94028,232.41925,-651.67554
40.68648,231.02229,-650.66644
39.81337,230.49843,-650.83466
40.16261,231.19691,-650.83466
40.86110,232.24463,-650.49829
40.33723,232.76849,-650.66644
39.98799,232.76849,-651.33917
41.73419,231.72078,-651.33917
38.94028,232.07002,-650.33008
40.86110,231.89540,-650.49829
41.38495,232.07002,-651.67554
41.21034,232.24463,-650.83466
39.28952,232.07002,-651.00281
42.43268,223.68825,-647.63934
41.55957,223.51364,-647.13477
39.46414,231.89540,-651.17102
39.98799,230.67305,-649.65741
41.38495,232.76849,-649.32104
39.63875,232.07002,-651.33917
41.55957,231.54616,-649.48926
39.98799,231.02229,-650.33008
40.33723,233.11774,-651.00281
40.51186,232.94312,-650.83466
40.86110,230.84767,-649.82556
40.16261,231.89540,-649.82556
40.68648,232.41925,-650.66644
41.73419,232.41925,-651.33917
40.33723,231.72078,-649.99377
39.98799,232.07002,-650.66644
39.46414,231.19691,-652.18005
39.11490,232.94312,-650.16193
39.11490,232.94312,-650.16193
41.03572,231.72078,-651.33917
39.11490,231.89540,-650.83466
42.08344,231.72078,-650.66644
41.55957,232.94312,-649.48926
41.90881,232.59387,-650.16193
41.90881,232.59387,-650.16193
41.55957,233.64160,-650.16193
41.38495,232.07002,-651.00281
40.68648,231.72078,-650.66644
39.81337,231.89540,-650.16193
41.21034,232.59387,-650.83466
38.94028,232.07002,-651.00281
41.55957,232.24463,-650.83466
38.24179,232.76849,-652.34821
39.63875,231.72078,-651.00281
39.46414,232.59387,-650.83466
40.33723,231.72078,-651.33917
40.51186,231.54616,-652.51636
40.33723,231.72078,-649.99377
41.21034,232.24463,-649.82556
41.21034,232.59387,-650.83466
41.21034,234.34007,-652.18005
39.11490,232.24463,-651.17102
40.68648,232.07002,-651.33917
39.81337,234.34007,-650.49829
39.98799,234.16545,-651.00281
40.51186,233.64160,-651.84369
39.98799,234.51469,-651.67554
40.68648,231.72078,-650.33008
39.46414,232.24463,-650.49829
41.03572,233.81622,-649.65741
41.03572,233.81622,-649.65741
44.00426,236.08627,-649.15289
42.60730,236.78476,-651.50732
39.81337,233.64160,-652.18005
39.98799,232.76849,-650.66644
39.63875,232.76849,-651.33917
40.68648,233.81622,-651.33917
41.38495,232.41925,-648.64838
40.33723,233.11774,-651.00281
39.46414,233.99083,-651.17102
39.28952,233.46698,-651.00281
39.28952,232.41925,-650.33008
39.81337,233.64160,-650.49829
39.11490,231.89540,-650.16193
41.03572,232.07002,-650.66644
39.81337,232.59387,-649.82556
40.86110,233.29236,-650.83466
40.68648,232.76849,-650.66644
40.16261,234.68932,-650.16193
40.86110,233.29236,-649.82556
40.86110,233.29236,-649.82556
39.98799,233.46698,-650.33008
39.98799,233.46698,-650.33008
40.51186,232.59387,-651.17102
40.51186,233.29236,-650.49829
39.28952,234.51469,-649.99377
-10.65181,236.61014,-603.91400
-10.65181,236.26089,-602.90497
27.06612,223.33902,-639.90332
40.86110,233.64160,-649.48926
40.33723,232.76849,-650.66644
40.86110,233.99083,-651.17102
39.28952,233.81622,-650.33008
40.68648,233.46698,-651.67554
40.86110,232.24463,-650.16193
41.38495,233.11774,-649.65741
40.33723,234.16545,-651.67554
39.11490,232.94312,-650.49829
40.16261,232.24463,-651.50732
40.16261,232.24463,-651.50732
40.16261,232.24463,-650.49829
41.21034,234.68932,-650.83466
40.86110,232.24463,-650.49829
41.21034,232.24463,-648.81653
39.11490,232.59387,-650.16193
39.98799,232.41925,-650.66644
40.16261,231.89540,-650.16193
41.55957,232.94312,-650.49829
42.78192,232.76849,-649.99377
41.38495,232.76849,-649.99377
43.48039,232.76849,-650.66644
48.89362,218.27504,-638.38977
47.32204,219.14813,-637.21252
41.55957,231.54616,-649.15289
41.38495,232.07002,-649.99377
41.73419,232.41925,-649.32104
41.73419,232.76849,-647.97571
41.21034,231.89540,-649.82556
41.03572,232.76849,-648.64838
40.86110,231.89540,-649.82556
40.68648,230.67305,-651.00281
43.13115,231.72078,-649.32104
40.16261,231.89540,-648.48022
41.03572,232.41925,-649.99377
41.55957,232.24463,-650.49829
42.25806,231.89540,-649.82556
41.90881,231.54616,-649.48926
42.08344,230.67305,-651.00281
42.25806,231.19691,-650.49829
42.60730,233.99083,-649.82556
40.51186,230.49843,-649.82556
41.55957,232.59387,-649.15289
41.55957,232.59387,-649.15289
42.43268,230.67305,-649.32104
42.08344,232.07002,-648.98474
42.08344,230.67305,-648.64838
40.16261,232.24463,-650.49829
41.73419,230.67305,-648.64838
41.90881,229.79996,-650.49829
44.17888,232.41925,-648.64838
40.51186,232.59387,-649.82556
43.48039,231.02229,-649.32104
42.60730,231.89540,-649.48926
41.90881,232.59387,-648.81653
42.08344,231.37154,-650.33008
43.13115,230.67305,-649.99377
42.08344,231.72078,-648.98474
41.90881,231.54616,-649.15289
42.08344,231.37154,-649.32104
42.08344,230.67305,-650.33008
41.73419,231.72078,-649.99377
42.60730,231.19691,-650.16193
42.08344,231.37154,-649.65741
41.90881,230.84767,-649.48926
42.43268,231.02229,-649.32104
41.03572,231.02229,-649.65741
40.86110,231.19691,-650.16193
43.13115,230.32382,-649.65741
43.13115,232.07002,-649.32104
42.43268,232.07002,-648.98474
42.25806,231.19691,-650.83466
41.03572,235.91165,-650.66644
40.16261,233.99083,-650.16193
39.81337,233.29236,-650.83466
41.73419,230.32382,-649.65741
42.08344,232.41925,-650.66644
42.95654,231.54616,-650.16193
43.65501,230.14920,-649.15289
42.95654,230.49843,-649.15289
42.25806,230.14920,-649.15289
43.82964,230.67305,-650.33008
42.25806,231.89540,-649.48926
41.90881,231.19691,-649.15289
42.08344,230.67305,-649.32104
42.25806,230.84767,-649.82556
43.30577,231.19691,-649.48926
41.73419,231.72078,-649.32104
42.60730,231.89540,-648.81653
42.60730,231.89540,-648.81653
43.13115,231.37154,-650.33008
42.95654,230.49843,-648.48022
43.65501,229.79996,-649.48926
43.48039,229.97458,-648.98474
42.95654,231.89540,-649.48926
43.82964,230.32382,-649.32104
43.13115,229.62534,-648.64838
41.03572,232.07002,-650.66644
34.05092,237.30861,-643.93945
34.74939,238.35634,-643.93945
40.16261,232.59387,-650.83466
43.48039,232.07002,-649.65741
42.60730,230.84767,-649.15289
43.13115,231.02229,-649.32104
44.52812,231.37154,-650.33008
42.25806,230.14920,-649.82556
44.00426,231.19691,-648.81653
44.35350,230.49843,-649.48926
42.43268,231.02229,-652.01184
44.87735,231.02229,-649.32104
43.13115,231.02229,-648.98474
42.25806,231.19691,-648.81653
43.30577,230.84767,-647.47113
41.73419,230.32382,-650.33008
44.52812,230.67305,-649.65741
44.00426,230.49843,-648.14386
43.65501,231.19691,-647.80750
43.65501,230.49843,-648.81653
44.87735,229.97458,-649.65741
42.60730,229.79996,-649.15289
42.95654,231.19691,-649.48926
43.65501,230.49843,-650.16193
63.21246,251.45284,-628.63562
79.10287,221.24358,-592.81451
79.80136,219.84662,-593.82355
44.35350,230.84767,-647.80750
42.95654,230.84767,-649.82556
43.65501,231.54616,-649.15289
43.82964,230.32382,-649.32104
44.00426,230.49843,-649.48926
43.48039,230.67305,-648.98474
43.48039,230.67305,-648.98474
42.95654,231.54616,-649.48926
43.48039,230.32382,-648.98474
43.48039,230.32382,-650.66644
44.35350,231.54616,-648.81653
43.65501,231.19691,-649.82556
43.65501,231.19691,-649.82556
43.30577,231.19691,-649.15289
43.13115,230.32382,-647.97571
43.65501,231.54616,-649.15289
42.78192,231.37154,-648.64838
43.65501,230.49843,-649.15289
43.82964,229.62534,-648.64838
42.95654,231.54616,-649.82556
44.52812,231.02229,-647.63934
43.13115,230.67305,-649.65741
44.35350,230.14920,-647.47113
44.35350,228.75223,-649.15289
44.35350,231.54616,-647.47113
44.17888,229.62534,-647.97571
42.95654,230.14920,-647.13477
44.35350,231.19691,-649.48926
43.30577,230.14920,-648.81653
44.00426,230.84767,-649.82556
44.35350,231.54616,-649.82556
43.13115,231.72078,-648.64838
43.13115,231.02229,-649.32104
44.00426,230.84767,-649.82556
44.17888,231.02229,-649.32104
44.35350,231.54616,-649.15289
43.30577,231.89540,-648.48022
43.48039,229.62534,-649.32104
42.25806,230.49843,-649.15289
44.52812,230.67305,-649.65741
43.30577,230.49843,-648.81653
43.82964,231.37154,-647.63934
44.52812,230.32382,-648.31201
43.65501,231.19691,-649.48926
43.30577,230.84767,-649.48926
43.30577,230.84767,-649.82556
44.00426,231.19691,-648.81653
45.05197,230.49843,-650.83466
42.25806,230.84767,-650.16193
42.25806,231.89540,-648.81653
43.65501,231.89540,-649.48926
44.00426,229.79996,-647.80750
44.17888,231.72078,-648.31201
44.00426,231.19691,-650.83466
45.22659,231.02229,-648.98474
42.60730,230.14920,-648.14386
43.13115,229.97458,-648.31201
42.78192,229.27609,-648.31201
42.95654,230.84767,-649.82556
42.95654,230.84767,-649.82556
44.00426,230.84767,-647.80750
43.13115,230.32382,-649.32104
43.13115,230.32382,-649.32104
43.82964,229.62534,-648.98474
44.35350,231.19691,-648.14386
44.35350,231.89540,-648.14386
43.13115,230.32382,-649.32104
43.65501,229.79996,-648.48022
43.82964,231.02229,-649.32104
43.65501,230.84767,-650.49829
42.60730,230.49843,-647.80750
44.70273,231.19691,-648.81653
42.43268,231.02229,-649.32104
43.30577,230.84767,-648.81653
38.41641,236.78476,-647.13477
38.94028,237.30861,-646.96661
43.65501,229.45071,-649.15289
42.60730,230.84767,-649.48926
43.13115,231.02229,-649.65741
42.78192,230.67305,-648.31201
43.13115,229.62534,-649.32104
44.17888,232.07002,-648.64838
44.52812,229.97458,-648.31201
44.00426,229.79996,-649.82556
43.48039,230.32382,-649.65741
44.00426,231.19691,-648.81653
44.00426,230.49843,-649.48926
42.78192,229.97458,-648.64838
44.00426,229.79996,-648.48022
44.00426,230.84767,-648.81653
43.48039,229.62534,-648.64838
43.48039,230.67305,-648.64838
44.00426,231.54616,-647.80750
44.87735,231.02229,-649.32104
44.35350,229.79996,-649.15289
43.82964,229.97458,-648.31201
43.30577,231.54616,-649.15289
44.87735,229.27609,-649.99377
69.32416,274.67731,-605.93207
92.89786,250.40512,-581.21045
94.46945,250.57974,-582.05133
94.46945,250.57974,-582.05133
44.70273,231.54616,-649.48926
44.70273,230.14920,-648.81653
44.52812,231.72078,-648.98474
43.30577,229.45071,-648.81653
44.17888,230.67305,-648.31201
43.48039,229.97458,-649.65741
43.48039,229.97458,-649.65741
44.87735,230.32382,-647.63934
43.65501,231.54616,-649.48926
45.75046,230.49843,-648.81653
44.87735,232.07002,-648.31201
45.40121,231.54616,-649.48926
43.13115,232.07002,-648.64838
43.13115,231.02229,-649.99377
44.00426,230.49843,-649.48926
45.05197,230.84767,-649.48926
44.70273,230.49843,-648.48022
43.13115,230.67305,-649.32104
44.00426,231.19691,-647.80750
45.57584,229.97458,-649.99377
44.70273,230.49843,-648.48022
43.82964,231.37154,-648.98474
44.17888,231.02229,-649.32104
44.52812,230.32382,-650.66644
44.00426,230.84767,-648.14386
44.17888,229.27609,-648.64838
44.35350,231.54616,-648.14386
44.35350,230.49843,-649.48926
44.52812,229.97458,-647.97571
45.40121,229.79996,-649.82556
44.17888,229.62534,-647.97571
45.05197,230.84767,-649.15289
43.82964,229.97458,-649.32104
43.65501,231.89540,-648.81653
44.17888,230.32382,-649.65741
44.52812,231.02229,-649.32104
43.65501,231.54616,-650.16193
44.35350,230.14920,-649.48926
44.35350,230.84767,-649.15289
45.05197,230.84767,-649.82556
44.52812,228.57762,-648.98474
43.30577,230.49843,-650.16193
44.35350,230.14920,-650.49829
45.57584,230.67305,-648.64838
44.35350,229.45071,-648.48022
43.65501,230.84767,-648.48022
44.00426,229.45071,-649.48926
44.00426,229.45071,-649.48926
43.13115,232.07002,-649.65741
43.48039,231.37154,-650.66644
44.00426,231.54616,-648.81653
43.82964,231.37154,-648.64838
45.22659,230.32382,-648.31201
45.22659,230.32382,-648.31201
44.52812,229.27609,-648.64838
44.52812,229.27609,-648.98474
44.70273,230.14920,-649.82556
44.00426,229.79996,-649.48926
44.00426,230.14920,-648.48022
43.65501,229.45071,-648.48022
43.65501,229.45071,-648.48022
43.30577,230.49843,-649.15289
44.35350,231.54616,-649.48926
44.00426,230.49843,-647.80750
44.87735,229.27609,-649.99377
44.87735,229.27609,-649.99377
43.13115,230.32382,-647.63934
44.70273,230.49843,-648.81653
44.00426,230.14920,-648.81653
43.48039,229.27609,-649.32104
44.70273,230.14920,-648.14386
45.05197,230.14920,-648.81653
44.52812,229.97458,-649.32104
38.94028,234.51469,-647.30298
40.86110,233.64160,-648.48022
44.35350,231.19691,-648.81653
45.57584,229.97458,-647.97571
45.22659,230.67305,-648.64838
44.17888,229.97458,-647.30298
46.44893,230.84767,-648.81653
45.92508,230.32382,-647.63934
46.62355,229.97458,-648.98474
45.75046,229.79996,-647.80750
44.52812,229.27609,-647.63934
45.57584,229.62534,-647.97571
45.40121,230.14920,-648.48022
45.75046,231.19691,-647.13477
45.75046,230.14920,-648.14386
44.70273,229.10147,-648.14386
46.79817,229.79996,-648.48022
45.22659,231.02229,-648.31201
45.40121,230.14920,-648.81653
46.44893,229.45071,-648.48022
44.87735,230.32382,-646.96661
45.57584,228.92685,-647.97571
46.62355,229.62534,-647.30298
46.09970,228.40300,-646.79846
63.03784,310.64905,-561.87042
84.69072,265.24780,-519.82684
82.42067,267.86713,-519.99500
46.79817,228.75223,-648.48022
45.05197,228.40300,-648.48022
45.05197,228.40300,-648.48022
46.79817,228.75223,-646.79846
46.79817,228.75223,-646.79846
45.57584,229.27609,-646.63025
45.92508,230.32382,-647.30298
45.92508,229.97458,-646.96661
47.67128,228.57762,-647.97571
45.22659,228.57762,-648.31201
45.75046,228.75223,-647.47113
45.92508,228.92685,-647.63934
45.92508,227.52989,-647.63934
46.62355,228.92685,-647.97571
46.44893,228.40300,-646.79846
44.52812,227.87914,-647.30298
44.87735,228.92685,-647.30298
46.09970,228.75223,-647.80750
45.57584,228.22838,-645.28491
44.87735,228.57762,-648.64838
45.92508,229.27609,-646.63025
44.35350,228.05376,-647.13477
46.44893,229.10147,-648.14386
45.40121,227.70451,-646.79846
46.09970,228.75223,-646.46210
45.22659,228.92685,-646.96661
46.27432,229.62534,-646.63025
44.52812,228.57762,-646.29395
45.57584,227.87914,-646.63025
44.70273,229.45071,-648.14386
45.75046,227.70451,-646.79846
45.40121,228.40300,-648.14386
45.92508,227.52989,-646.96661
45.40121,228.40300,-646.46210
45.57584,228.22838,-646.63025
44.70273,228.40300,-647.47113
45.22659,228.92685,-647.30298
45.05197,227.70451,-647.47113
44.87735,227.18065,-645.95758
45.40121,228.40300,-647.80750
45.05197,228.05376,-646.79846
44.87735,227.18065,-647.63934
45.22659,227.87914,-646.96661
43.82964,227.87914,-647.97571
43.82964,227.52989,-647.97571
45.05197,227.00603,-646.79846
43.82964,228.22838,-646.63025
44.52812,228.92685,-647.30298
44.52812,228.92685,-647.30298
41.73419,228.22838,-647.63934
42.95654,229.10147,-647.80750
45.22659,227.87914,-647.30298
44.70273,227.70451,-647.13477
44.35350,227.00603,-647.47113
46.27432,228.22838,-645.95758
43.65501,228.75223,-647.13477
43.65501,228.75223,-647.13477
43.65501,228.05376,-646.12573
44.87735,228.22838,-646.29395
44.70273,228.75223,-647.80750
44.52812,228.22838,-647.30298
44.00426,228.05376,-647.47113
44.52812,227.52989,-647.63934
44.87735,228.57762,-647.97571
43.82964,228.92685,-647.97571
43.65501,228.40300,-646.79846
44.70273,228.40300,-648.14386
44.52812,228.57762,-645.95758
43.82964,227.52989,-647.30298
46.09970,228.05376,-646.46210
45.40121,227.70451,-648.14386
43.82964,228.22838,-647.97571
44.87735,228.92685,-647.30298
43.30577,228.05376,-648.48022
39.63875,229.62534,-646.96661
40.68648,227.87914,-647.63934
44.00426,228.75223,-648.14386
45.05197,228.75223,-647.47113
45.75046,228.05376,-647.13477
44.17888,227.52989,-645.95758
45.05197,228.75223,-645.78943
43.30577,228.05376,-647.47113
44.17888,228.22838,-646.29395
44.35350,226.65680,-647.80750
44.17888,228.92685,-647.63934
44.35350,227.00603,-647.47113
45.40121,227.70451,-648.14386
43.65501,228.40300,-647.13477
44.35350,228.05376,-647.13477
44.35350,228.40300,-647.13477
43.48039,228.57762,-646.63025
42.95654,228.05376,-646.46210
44.87735,227.18065,-647.63934
45.40121,228.40300,-647.13477
45.22659,229.27609,-647.30298
45.05197,228.05376,-646.46210
44.00426,227.70451,-647.13477
46.27432,226.83142,-646.96661
-22.52597,245.34114,-611.98633
-69.32414,262.45392,-629.47650
-71.94345,262.97778,-631.99915
-71.94345,262.97778,-631.99915
44.87735,228.57762,-647.63934
44.70273,227.35527,-647.13477
44.35350,227.00603,-647.80750
44.35350,227.00603,-647.80750
44.52812,227.87914,-647.30298
44.00426,227.70451,-646.79846
43.82964,228.92685,-647.63934
43.30577,229.10147,-646.46210
42.95654,228.75223,-646.46210
44.70273,228.75223,-646.46210
44.00426,228.05376,-646.79846
44.00426,226.30756,-646.79846
44.00426,227.00603,-647.80750
44.52812,228.57762,-646.96661
44.87735,228.22838,-647.63934
43.48039,227.87914,-646.63025
44.17888,227.52989,-647.30298
44.35350,227.35527,-647.13477
44.00426,228.05376,-648.48022
45.22659,229.27609,-647.97571
42.95654,228.75223,-648.48022
43.82964,227.52989,-647.63934
45.22659,227.87914,-646.29395
44.87735,227.87914,-647.63934
42.95654,228.40300,-647.80750
44.35350,227.35527,-648.14386
43.13115,227.52989,-646.63025
43.30577,227.70451,-647.80750
44.87735,228.22838,-646.96661
46.27432,226.83142,-647.30298
43.13115,227.87914,-646.29395
44.87735,228.92685,-647.30298
43.30577,227.35527,-646.79846
43.30577,228.05376,-647.13477
43.30577,226.65680,-647.47113
44.35350,228.40300,-647.13477
45.05197,227.00603,-648.81653
44.00426,229.10147,-647.13477
44.35350,228.75223,-647.47113
44.00426,228.75223,-648.14386
43.82964,227.87914,-647.63934
43.82964,228.57762,-646.63025
44.00426,228.75223,-648.14386
45.57584,227.18065,-646.96661
44.35350,227.00603,-646.79846
44.70273,227.70451,-648.14386
44.52812,229.27609,-647.30298
44.52812,229.27609,-647.30298
38.24179,226.83142,-650.66644
42.25806,230.49843,-649.15289
44.35350,229.79996,-646.12573
44.17888,227.87914,-648.64838
44.70273,228.40300,-647.80750
45.22659,229.97458,-647.97571
43.65501,227.35527,-647.13477
44.35350,229.10147,-648.14386
44.52812,227.87914,-647.30298
44.52812,227.87914,-647.30298
44.52812,228.22838,-647.97571
46.09970,227.00603,-646.79846
44.87735,228.92685,-646.63025
46.79817,228.40300,-647.47113
44.52812,228.22838,-647.63934
45.22659,229.62534,-648.31201
44.87735,228.92685,-647.97571
44.70273,228.40300,-647.47113
44.17888,229.27609,-647.30298
46.62355,227.52989,-649.32104
44.87735,228.92685,-648.98474
45.05197,229.10147,-647.80750
45.22659,227.18065,-647.30298
44.52812,228.92685,-647.30298
44.35350,229.45071,-649.15289
41.73419,228.92685,-648.31201
41.90881,229.79996,-647.13477
44.87735,227.87914,-648.31201
44.52812,228.57762,-647.63934
44.70273,231.54616,-647.13477
44.70273,229.45071,-648.14386
46.09970,228.05376,-648.81653
44.00426,229.10147,-648.14386
45.75046,228.40300,-646.46210
45.75046,229.79996,-647.80750
45.92508,229.97458,-647.97571
46.09970,229.79996,-648.81653
45.22659,228.22838,-647.97571
44.70273,228.40300,-646.79846
44.00426,228.75223,-649.15289
44.87735,229.27609,-647.30298
45.40121,228.05376,-648.14386
44.70273,229.10147,-647.13477
43.65501,229.10147,-648.48022
44.52812,229.27609,-648.98474
45.22659,231.02229,-648.31201
44.00426,228.40300,-647.80750
44.70273,228.75223,-648.48022
45.05197,228.40300,-648.48022
46.79817,209.19479,-685.14221
29.51079,241.15025,-716.59082
30.90776,240.80101,-713.56366
30.90776,240.80101,-713.56366
44.87735,229.97458,-646.29395
44.00426,228.75223,-648.48022
47.32204,229.27609,-648.64838
45.57584,229.27609,-648.31201
46.62355,229.62534,-646.63025
45.40121,228.75223,-648.48022
45.22659,229.62534,-648.31201
47.67128,228.22838,-647.30298
46.27432,229.62534,-646.96661
45.05197,230.14920,-649.48926
46.09970,229.45071,-647.80750
45.92508,228.57762,-647.63934
45.92508,227.18065,-647.63934
45.57584,229.62534,-648.31201
44.87735,231.37154,-649.32104
44.87735,229.97458,-648.31201
46.62355,229.97458,-648.98474
45.57584,230.67305,-647.97571
45.22659,228.92685,-647.63934
46.44893,229.10147,-648.14386
45.05197,230.14920,-647.47113
45.40121,228.75223,-649.48926
45.75046,229.79996,-648.81653
45.75046,229.79996,-649.48926
44.70273,230.14920,-647.80750
45.92508,229.62534,-647.97571
46.44893,230.49843,-647.47113
46.79817,228.75223,-647.80750
46.09970,231.19691,-649.15289
46.09970,229.79996,-647.80750
45.57584,229.97458,-647.97571
45.75046,230.49843,-648.48022
45.75046,228.75223,-649.48926
45.75046,229.79996,-647.47113
44.87735,229.97458,-649.32104
46.44893,230.49843,-649.15289
46.27432,230.32382,-647.30298
46.09970,229.10147,-648.81653
45.40121,230.49843,-648.81653
44.00426,230.14920,-649.48926
46.44893,230.49843,-648.48022
46.44893,230.49843,-648.48022
47.84590,228.75223,-648.48022
47.32204,230.32382,-647.30298
47.32204,230.32382,-647.30298
45.22659,229.97458,-647.97571
47.32204,229.27609,-647.30298
47.32204,229.27609,-647.30298
38.59103,225.08522,-652.34821
44.35350,230.14920,-649.82556
46.62355,228.92685,-649.99377
45.75046,230.84767,-646.46210
45.57584,230.32382,-649.32104
45.57584,230.32382,-649.32104
46.62355,228.57762,-647.97571
45.40121,229.79996,-649.15289
46.62355,229.97458,-646.96661
45.57584,228.22838,-648.31201
46.62355,230.67305,-648.64838
46.27432,230.32382,-647.97571
46.44893,230.14920,-648.48022
45.92508,228.92685,-647.30298
45.57584,229.27609,-647.97571
46.09970,229.45071,-648.48022
47.49666,229.10147,-648.14386
46.44893,229.45071,-649.15289
46.09970,229.79996,-647.13477
45.92508,228.22838,-648.98474
48.02052,229.97458,-648.64838
46.44893,230.84767,-648.81653
45.05197,229.10147,-647.13477
45.57584,229.62534,-648.64838
45.05197,228.40300,-648.14386
44.17888,227.87914,-648.98474
43.48039,229.27609,-647.97571
46.44893,230.14920,-646.46210
46.09970,229.45071,-648.14386
46.79817,229.79996,-648.14386
45.75046,229.45071,-647.80750
45.92508,229.27609,-646.63025
46.97279,228.92685,-648.98474
45.92508,230.32382,-646.96661
46.44893,230.14920,-649.15289
46.44893,229.10147,-648.48022
47.14742,228.05376,-649.15289
47.32204,229.27609,-648.64838
47.32204,229.62534,-648.64838
47.32204,231.02229,-648.98474
46.62355,228.57762,-647.97571
47.49666,228.75223,-647.47113
46.44893,230.14920,-647.80750
46.62355,230.32382,-648.31201
46.44893,229.45071,-648.48022
46.09970,229.79996,-646.79846
46.97279,227.87914,-645.95758
46.97279,227.87914,-645.95758
47.32204,229.62534,-648.64838
47.32204,230.32382,-648.98474
55.35455,219.49738,-663.44769
57.79924,232.07002,-674.88354
58.14848,231.72078,-674.21088
48.02052,229.27609,-647.30298
47.32204,231.02229,-647.63934
47.67128,229.62534,-648.64838
48.02052,229.62534,-648.64838
47.32204,228.92685,-648.31201
48.36975,228.92685,-647.30298
49.59210,230.84767,-648.14386
48.19513,229.10147,-648.14386
48.02052,229.27609,-647.63934
48.71899,228.92685,-648.31201
48.89362,230.84767,-648.81653
48.89362,231.19691,-649.15289
48.54437,229.45071,-648.81653
49.24286,230.49843,-648.14386
49.76672,231.72078,-649.32104
50.81444,229.27609,-647.63934
49.06824,229.97458,-648.98474
49.94133,230.49843,-648.81653
50.81444,231.02229,-647.63934
48.89362,229.10147,-647.80750
50.11595,228.92685,-646.63025
47.67128,230.32382,-646.96661
48.71899,229.27609,-647.97571
48.02052,229.27609,-646.29395
49.41748,230.67305,-648.64838
48.36975,229.27609,-648.31201
49.06824,228.92685,-647.97571
48.71899,229.62534,-648.64838
48.36975,229.62534,-647.63934
48.89362,230.84767,-648.48022
49.24286,230.49843,-647.47113
50.11595,232.07002,-647.63934
48.19513,230.14920,-648.48022
49.76672,230.32382,-647.30298
48.54437,230.14920,-648.14386
49.41748,227.52989,-647.97571
48.89362,231.19691,-649.48926
49.59210,229.79996,-648.48022
47.84590,229.79996,-648.48022
48.89362,229.79996,-647.80750
49.59210,229.45071,-648.48022
49.06824,229.62534,-649.65741
49.06824,229.62534,-649.65741
51.16368,229.97458,-648.64838
49.76672,230.32382,-647.30298
48.19513,229.79996,-646.79846
48.19513,229.79996,-646.79846
49.06824,231.02229,-647.63934
44.17888,222.29129,-653.69360
45.40121,223.51364,-653.52539
49.41748,229.97458,-648.64838
49.59210,229.79996,-646.79846
48.02052,228.57762,-648.31201
48.89362,228.40300,-648.48022
50.81444,230.67305,-647.97571
48.71899,228.92685,-648.31201
49.41748,229.97458,-647.30298
49.06824,229.62534,-647.97571
48.89362,228.75223,-647.13477
48.71899,227.87914,-646.96661
48.71899,229.62534,-647.97571
49.76672,228.22838,-646.96661
48.54437,228.40300,-647.47113
49.41748,228.57762,-647.63934
49.06824,228.22838,-647.30298
48.89362,228.40300,-647.13477
49.59210,229.45071,-647.13477
48.54437,228.75223,-647.47113
49.94133,229.10147,-647.80750
49.06824,229.62534,-647.63934
49.76672,229.27609,-647.63934
49.76672,228.92685,-646.96661
48.89362,229.10147,-647.80750
48.02052,227.52989,-646.63025
48.89362,228.40300,-648.14386
50.11595,229.62534,-647.63934
49.59210,228.40300,-647.13477
49.76672,229.97458,-646.96661
48.36975,229.97458,-647.97571
49.24286,228.40300,-647.13477
48.89362,226.65680,-647.80750
49.06824,228.22838,-646.96661
50.11595,228.92685,-648.31201
49.41748,227.87914,-648.64838
48.71899,229.97458,-646.96661
49.59210,227.70451,-648.48022
48.71899,229.97458,-647.63934
48.71899,229.97458,-647.63934
47.84590,228.75223,-647.80750
49.94133,228.40300,-648.14386
49.24286,228.05376,-647.47113
48.89362,228.05376,-646.46210
49.24286,228.40300,-647.47113
49.41748,228.22838,-647.30298
49.41748,228.22838,-647.30298
47.84590,228.75223,-647.13477
48.89362,227.70451,-647.13477
47.67128,228.22838,-646.63025
60.06931,226.65680,-667.31573
60.06931,229.79996,-665.63397
61.99011,229.62534,-666.13849
48.36975,228.92685,-648.64838
49.59210,227.70451,-647.13477
49.76672,229.97458,-648.31201
49.24286,228.75223,-647.47113
49.24286,230.14920,-648.14386
49.76672,227.52989,-646.96661
50.29057,228.40300,-649.15289
49.24286,229.10147,-647.47113
49.59210,228.40300,-647.13477
50.29057,226.65680,-648.81653
49.24286,226.30756,-647.47113
49.06824,229.27609,-647.97571
49.59210,229.79996,-647.80750
48.36975,228.57762,-646.63025
49.06824,228.57762,-647.97571
49.06824,227.87914,-646.63025
49.59210,229.10147,-646.12573
50.46519,229.27609,-648.31201
48.02052,227.87914,-647.30298
50.46519,228.22838,-647.63934
50.29057,228.75223,-646.79846
48.89362,227.35527,-647.47113
48.89362,229.79996,-647.47113
48.89362,229.79996,-647.13477
48.54437,229.10147,-646.46210
48.36975,227.52989,-647.63934
49.94133,228.40300,-648.14386
48.89362,226.65680,-648.48022
48.71899,230.32382,-646.96661
48.36975,228.57762,-648.64838
48.54437,228.75223,-646.79846
50.63982,227.35527,-647.47113
48.54437,228.40300,-648.14386
47.14742,228.05376,-647.47113
48.71899,228.92685,-646.96661
48.89362,228.05376,-647.13477
49.24286,228.05376,-646.46210
49.06824,228.22838,-647.97571
49.06824,228.22838,-647.97571
48.89362,228.05376,-647.80750
47.67128,228.57762,-647.97571
48.02052,227.52989,-646.96661
49.41748,228.57762,-647.30298
50.29057,229.10147,-647.80750
47.49666,228.40300,-648.14386
49.24286,227.70451,-647.47113
48.89362,228.05376,-646.79846
46.44893,226.65680,-650.83466
44.00426,220.71971,-653.52539
44.00426,222.81516,-654.19812
48.71899,227.52989,-648.31201
48.54437,229.45071,-646.79846
48.71899,228.22838,-647.63934
49.94133,228.05376,-647.13477
49.41748,228.22838,-647.30298
50.11595,228.22838,-647.30298
49.94133,229.10147,-647.47113
49.76672,228.92685,-648.31201
47.49666,227.00603,-647.80750
49.06824,228.57762,-648.64838
49.41748,228.22838,-647.63934
48.71899,228.22838,-645.95758
48.71899,227.52989,-646.29395
48.02052,228.57762,-647.30298
50.11595,227.18065,-646.63025
48.19513,228.40300,-647.47113
50.63982,227.70451,-646.46210
48.54437,227.70451,-647.47113
49.94133,229.79996,-647.47113
49.06824,228.57762,-648.64838
49.06824,229.27609,-646.96661
49.59210,228.40300,-648.14386
47.67128,227.52989,-648.31201
47.14742,227.70451,-648.14386
48.02052,226.48218,-647.97571
49.94133,228.75223,-647.47113
48.54437,229.10147,-647.47113
49.24286,227.70451,-648.81653
48.89362,228.75223,-647.13477
49.59210,228.05376,-648.48022
49.41748,227.18065,-645.95758
49.41748,228.57762,-648.31201
48.36975,227.52989,-647.30298
49.59210,229.10147,-647.47113
48.89362,229.10147,-647.47113
49.41748,227.87914,-647.97571
49.94133,228.05376,-648.14386
49.94133,228.05376,-648.14386
48.19513,228.05376,-647.13477
48.71899,228.92685,-648.31201
49.06824,227.52989,-648.31201
49.59210,227.35527,-648.48022
49.59210,228.40300,-648.48022
48.71899,227.87914,-647.63934
49.24286,227.70451,-648.48022
50.98906,228.40300,-648.81653
49.24286,228.40300,-647.47113
49.94133,228.40300,-646.79846
58.84695,229.27609,-663.78406
59.37082,227.00603,-661.93414
58.32310,232.59387,-660.25238
50.46519,229.27609,-646.96661
48.36975,228.57762,-647.63934
49.76672,228.22838,-648.64838
49.76672,229.62534,-647.63934
49.24286,228.40300,-647.47113
49.24286,228.75223,-648.48022
48.54437,229.79996,-646.46210
49.24286,228.75223,-645.78943
49.06824,227.87914,-647.97571
49.59210,229.10147,-647.80750
47.84590,228.75223,-646.79846
49.06824,229.27609,-647.63934
49.41748,229.27609,-646.96661
49.76672,230.32382,-648.98474
50.46519,229.97458,-646.96661
46.79817,229.45071,-647.47113
48.89362,229.45071,-647.80750
49.76672,229.27609,-647.30298
49.94133,228.40300,-647.80750
49.41748,228.57762,-646.63025
49.41748,228.22838,-648.31201
49.24286,228.75223,-647.80750
49.41748,229.27609,-648.64838
49.24286,228.05376,-647.13477
49.76672,229.27609,-647.63934
49.76672,229.27609,-647.63934
49.24286,230.14920,-647.47113
49.24286,228.75223,-648.14386
48.19513,228.05376,-648.48022
49.76672,229.62534,-646.96661
49.76672,229.62534,-646.96661
49.24286,229.45071,-648.81653
49.06824,228.57762,-647.97571
50.11595,228.92685,-648.98474
49.41748,228.92685,-648.31201
49.06824,229.62534,-646.96661
50.11595,228.92685,-647.97571
49.59210,229.10147,-646.12573
47.67128,228.57762,-647.97571
50.63982,229.79996,-646.12573
49.94133,228.75223,-646.46210
47.49666,228.75223,-647.13477
49.59210,229.10147,-647.13477
48.54437,229.10147,-648.81653
49.06824,228.92685,-646.96661
49.41748,227.52989,-646.96661
48.71899,228.22838,-647.30298
44.87735,224.38673,-653.35724
47.14742,222.46591,-653.86176
46.09970,223.16440,-653.18909
50.11595,227.87914,-647.63934
49.06824,228.92685,-647.30298
48.71899,230.32382,-647.97571
50.11595,228.57762,-646.96661
48.71899,229.62534,-647.97571
50.11595,228.57762,-648.31201
49.59210,230.14920,-647.47113
48.36975,229.27609,-648.98474
48.89362,230.14920,-647.47113
49.41748,228.57762,-647.97571
49.76672,229.62534,-647.63934
49.41748,231.02229,-649.32104
50.29057,229.45071,-648.48022
49.24286,230.14920,-649.48926
49.06824,227.87914,-647.30298
49.59210,230.14920,-648.14386
49.24286,229.79996,-647.47113
48.36975,228.92685,-647.63934
49.76672,229.62534,-646.29395
49.24286,228.75223,-647.80750
48.71899,228.57762,-646.96661
48.54437,228.75223,-648.81653
46.97279,226.83142,-645.62122
46.97279,227.87914,-647.97571
47.84590,229.10147,-647.13477
47.84590,229.10147,-647.13477
48.36975,228.57762,-647.63934
49.94133,229.79996,-647.13477
49.41748,227.87914,-648.31201
50.11595,229.62534,-647.30298
48.36975,228.57762,-647.63934
48.89362,228.40300,-648.14386
49.59210,229.45071,-647.13477
50.29057,229.79996,-647.80750
48.71899,229.62534,-647.97571
48.02052,230.67305,-647.63934
48.71899,231.02229,-647.63934
49.06824,229.97458,-648.31201
48.54437,228.75223,-647.80750
49.06824,229.97458,-648.31201
49.94133,229.45071,-646.46210
48.54437,229.45071,-648.48022
49.59210,228.75223,-648.14386
48.02052,227.87914,-646.96661
49.24286,229.10147,-648.81653
49.41748,228.22838,-647.30298
48.19513,229.10147,-647.13477
49.06824,228.57762,-647.30298
59.72006,230.14920,-664.96130
59.54544,227.52989,-664.12042
50.29057,232.24463,-652.85272
50.11595,228.22838,-648.64838
48.89362,228.75223,-648.48022
49.59210,229.10147,-647.80750
48.36975,228.92685,-650.33008
48.19513,228.75223,-647.13477
49.06824,229.27609,-647.97571
48.36975,229.27609,-648.31201
49.41748,230.67305,-648.98474
48.54437,230.14920,-646.79846
47.14742,229.45071,-648.14386
48.54437,229.45071,-647.80750
47.67128,229.62534,-648.31201
49.76672,229.27609,-648.98474
48.89362,229.10147,-648.14386
47.84590,228.75223,-647.80750
48.71899,229.62534,-648.64838
48.54437,229.45071,-647.80750
51.51292,229.62534,-647.97571
48.89362,229.79996,-648.48022
49.41748,229.97458,-647.30298
49.24286,228.40300,-648.14386
48.71899,228.57762,-649.32104
48.71899,228.57762,-649.32104
49.41748,229.62534,-647.30298
48.19513,229.10147,-647.80750
48.71899,229.62534,-647.30298
48.36975,230.67305,-646.63025
48.19513,230.49843,-648.14386
49.24286,230.14920,-647.80750
49.76672,229.27609,-649.32104
48.71899,229.97458,-648.64838
49.76672,229.97458,-648.64838
49.41748,229.27609,-647.97571
48.71899,230.32382,-648.64838
48.19513,229.79996,-647.47113
49.06824,230.32382,-649.32104
49.41748,229.27609,-647.30298
48.02052,228.57762,-648.64838
48.89362,229.79996,-648.81653
48.54437,229.45071,-647.47113
49.24286,229.45071,-647.47113
48.89362,229.45071,-649.15289
49.41748,228.57762,-647.63934
48.02052,229.97458,-648.64838
48.89362,229.45071,-649.15289
49.41748,229.62534,-648.31201
49.06824,230.32382,-648.98474
46.97279,222.29129,-652.68457
46.97279,222.29129,-652.68457
44.17888,222.29129,-653.69360
48.19513,230.49843,-648.14386
50.29057,229.45071,-648.14386
47.67128,229.27609,-647.97571
48.36975,228.57762,-649.32104
50.29057,229.45071,-648.81653
48.71899,229.97458,-646.29395
47.84590,230.14920,-648.81653
47.84590,229.45071,-647.47113
49.59210,228.40300,-648.48022
48.02052,229.27609,-648.98474
48.71899,230.67305,-647.30298
49.06824,228.92685,-648.98474
48.02052,231.02229,-647.97571
50.11595,228.57762,-648.31201
48.71899,229.97458,-649.99377
47.84590,230.14920,-648.81653
48.89362,229.10147,-647.80750
48.89362,229.79996,-649.82556
48.89362,229.45071,-648.14386
48.71899,229.62534,-648.64838
49.24286,229.79996,-648.14386
49.06824,228.92685,-648.31201
49.06824,228.92685,-648.31201
46.79817,228.05376,-648.81653
46.79817,228.05376,-648.81653
48.89362,228.75223,-647.47113
49.41748,229.62534,-647.63934
47.84590,229.10147,-648.14386
49.59210,230.14920,-648.48022
49.24286,230.14920,-648.81653
49.24286,229.79996,-648.81653
48.36975,229.97458,-647.97571
48.36975,229.27609,-648.31201
48.19513,230.14920,-647.47113
49.06824,230.67305,-647.97571
48.54437,229.10147,-648.81653
48.54437,229.79996,-648.48022
48.19513,229.79996,-647.80750
48.36975,228.57762,-648.31201
48.71899,229.27609,-648.31201
48.19513,229.10147,-648.14386
47.84590,229.10147,-648.14386
48.36975,229.27609,-647.97571
47.67128,227.87914,-648.64838
48.89362,229.10147,-648.48022
49.41748,229.62534,-648.31201
49.24286,228.75223,-648.48022
48.02052,229.97458,-647.97571
61.81551,228.75223,-666.30664
60.76778,228.05376,-666.30664
46.44893,232.94312,-649.82556
48.89362,230.84767,-647.47113
49.06824,229.97458,-648.31201
48.36975,229.27609,-648.64838
48.36975,229.27609,-648.31201
48.71899,230.32382,-649.65741
49.24286,229.10147,-647.80750
48.54437,228.05376,-647.47113
48.36975,229.97458,-648.98474
49.24286,229.45071,-648.14386
49.59210,229.79996,-647.80750
48.54437,229.10147,-648.14386
48.36975,229.62534,-648.64838
48.36975,229.62534,-649.32104
47.84590,230.84767,-647.80750
49.06824,230.32382,-648.64838
48.36975,229.97458,-647.30298
48.71899,229.62534,-647.63934
48.89362,229.79996,-648.48022
47.84590,230.14920,-646.79846
49.06824,228.92685,-647.63934
49.06824,228.92685,-647.63934
48.19513,229.45071,-648.48022
49.94133,230.49843,-647.13477
48.89362,229.79996,-648.14386
49.76672,229.62534,-647.63934
49.41748,229.97458,-647.97571
48.02052,228.92685,-648.64838
49.94133,229.79996,-649.15289
47.84590,228.05376,-647.80750
48.54437,228.75223,-647.80750
48.02052,228.92685,-647.97571
47.14742,230.84767,-647.47113
48.19513,228.40300,-648.81653
49.76672,228.92685,-647.63934
49.41748,229.62534,-647.97571
49.24286,229.10147,-648.48022
47.67128,228.57762,-647.97571
48.54437,228.75223,-648.14386
48.36975,229.27609,-647.63934
48.89362,228.75223,-648.81653
48.71899,231.02229,-649.32104
50.11595,228.57762,-647.97571
48.36975,227.87914,-647.63934
48.71899,229.62534,-647.63934
47.84590,230.14920,-649.15289
47.84590,228.40300,-647.80750
48.71899,229.27609,-647.63934
47.14742,221.76744,-652.18005
47.14742,221.76744,-652.18005
47.32204,221.59282,-652.34821
49.24286,229.10147,-648.81653
48.54437,229.45071,-648.14386
50.11595,229.62534,-648.98474
49.06824,229.62534,-649.99377
49.41748,230.32382,-647.97571
48.54437,229.45071,-647.13477
48.19513,229.10147,-648.14386
49.06824,229.62534,-648.64838
49.06824,228.57762,-648.98474
48.71899,228.22838,-648.31201
48.02052,230.32382,-648.98474
48.89362,230.84767,-649.48926
49.06824,229.97458,-647.63934
48.54437,229.79996,-649.48926
49.59210,229.10147,-647.47113
47.14742,228.75223,-648.48022
48.71899,230.32382,-649.32104
49.59210,229.79996,-649.15289
48.36975,229.27609,-648.64838
48.36975,230.32382,-648.64838
47.67128,229.62534,-648.31201
49.59210,229.45071,-648.81653
46.44893,229.10147,-649.15289
46.97279,228.22838,-647.30298
46.97279,228.22838,-647.30298
47.32204,229.62534,-648.98474
49.76672,228.92685,-649.32104
47.49666,229.10147,-647.80750
49.76672,230.32382,-647.97571
48.19513,230.84767,-647.80750
48.89362,229.45071,-648.81653
48.36975,229.62534,-647.97571
48.89362,229.45071,-648.48022
49.06824,229.97458,-647.30298
49.41748,229.27609,-647.97571
47.67128,229.27609,-647.63934
48.71899,229.27609,-648.64838
48.71899,228.92685,-648.64838
48.36975,231.37154,-648.31201
49.41748,230.32382,-648.64838
49.24286,229.45071,-647.80750
47.49666,230.84767,-647.47113
49.06824,228.57762,-648.31201
48.71899,228.57762,-648.64838
49.24286,228.75223,-647.80750
49.76672,228.92685,-648.64838
49.06824,229.97458,-647.63934
48.71899,230.32382,-648.64838
60.76778,228.75223,-665.63397
60.59315,227.52989,-667.48389
45.40121,233.99083,-649.15289
47.67128,229.97458,-648.31201
48.89362,229.10147,-648.14386
49.94133,229.10147,-649.82556
49.24286,228.75223,-648.48022
48.89362,230.84767,-648.14386
48.89362,230.14920,-648.48022
48.71899,229.27609,-647.30298
48.36975,230.32382,-646.96661
49.41748,228.57762,-649.32104
48.19513,229.79996,-648.48022
48.54437,230.49843,-649.15289
49.06824,228.57762,-648.98474
49.06824,228.57762,-648.98474
48.19513,230.84767,-648.48022
48.19513,230.84767,-648.48022
48.89362,229.79996,-649.48926
47.84590,229.45071,-647.80750
48.89362,230.14920,-649.15289
48.89362,230.14920,-649.15289
46.62355,229.97458,-647.97571
48.02052,228.57762,-647.30298
48.02052,228.57762,-647.30298
48.02052,229.62534,-648.64838
49.41748,231.02229,-647.63934
47.67128,229.27609,-649.65741
49.24286,230.14920,-649.15289
48.02052,229.97458,-647.30298
47.84590,229.10147,-648.81653
48.02052,230.32382,-647.63934
49.76672,229.97458,-648.98474
49.76672,228.57762,-648.64838
48.19513,230.14920,-650.16193
47.32204,230.32382,-647.97571
47.49666,229.45071,-647.47113
48.89362,230.49843,-648.14386
48.71899,229.97458,-647.63934
48.71899,228.92685,-649.32104
48.89362,231.19691,-647.13477
47.84590,229.45071,-648.81653
49.06824,231.02229,-649.32104
50.81444,229.27609,-649.65741
48.71899,231.37154,-649.65741
48.19513,231.19691,-649.15289
46.79817,229.45071,-649.15289
48.54437,229.45071,-648.48022
47.84590,228.75223,-648.14386
48.89362,229.79996,-648.81653
44.70273,222.46591,-652.51636
44.70273,222.46591,-652.51636
46.79817,223.51364,-653.52539
49.76672,231.02229,-648.31201
48.71899,229.97458,-648.31201
48.02052,229.62534,-648.31201
48.19513,229.10147,-648.14386
48.36975,228.57762,-649.32104
48.54437,230.84767,-647.13477
47.49666,230.49843,-649.82556
46.79817,230.14920,-648.14386
48.89362,230.49843,-647.80750
48.89362,229.79996,-648.14386
49.24286,228.75223,-648.14386
48.89362,229.10147,-648.14386
48.71899,230.67305,-647.63934
47.14742,229.10147,-647.80750
47.14742,229.10147,-647.80750
48.36975,230.32382,-647.97571
49.41748,230.32382,-648.31201
48.36975,229.97458,-646.63025
49.59210,228.75223,-649.15289
49.76672,229.62534,-648.31201
49.41748,230.32382,-647.97571
49.41748,230.32382,-647.97571
49.06824,231.37154,-648.64838
47.32204,231.72078,-648.64838
48.89362,230.84767,-648.14386
48.54437,231.19691,-647.47113
48.54437,231.19691,-647.47113
48.02052,231.72078,-647.97571
48.71899,231.72078,-648.64838
47.14742,231.19691,-647.80750
48.19513,230.84767,-647.47113
49.94133,232.59387,-647.80750
48.36975,232.07002,-648.98474
49.59210,232.59387,-648.14386
49.41748,233.11774,-647.63934
49.06824,233.11774,-648.31201
49.94133,233.99083,-647.13477
49.06824,232.41925,-647.30298
49.24286,233.64160,-649.15289
49.41748,233.46698,-647.97571
48.89362,235.03856,-648.14386
50.11595,234.86394,-648.98474
49.41748,234.16545,-646.63025
49.24286,235.38780,-649.15289
49.41748,234.16545,-649.99377
47.67128,234.16545,-648.64838
49.59210,233.64160,-648.14386
49.94133,235.73703,-648.48022
67.92720,236.95938,-672.19275
67.57796,236.61014,-671.18372
48.19513,236.43552,-649.82556
50.63982,234.34007,-648.14386
49.41748,234.51469,-648.98474
49.41748,234.16545,-649.99377
51.51292,233.11774,-647.63934
49.59210,234.34007,-647.80750
50.29057,235.38780,-648.14386
48.71899,233.81622,-647.63934
49.24286,234.68932,-647.80750
48.71899,233.81622,-647.63934
50.29057,236.43552,-647.80750
49.59210,233.64160,-647.80750
49.94133,234.68932,-647.80750
49.76672,233.11774,-647.30298
50.11595,234.51469,-648.31201
49.59210,233.29236,-647.80750
49.59210,233.29236,-647.80750
50.29057,233.29236,-647.80750
49.94133,233.99083,-647.80750
48.71899,234.51469,-647.97571
49.94133,234.34007,-647.13477
49.24286,233.29236,-648.81653
49.41748,233.46698,-647.30298
50.29057,233.64160,-649.15289
50.46519,232.41925,-649.32104
49.76672,233.11774,-647.97571
49.76672,234.51469,-646.96661
50.11595,233.11774,-648.31201
50.46519,233.46698,-647.63934
50.29057,231.89540,-647.80750
50.98906,232.59387,-647.13477
52.21140,232.41925,-646.96661
49.76672,232.76849,-647.63934
51.33830,233.99083,-647.13477
49.41748,231.72078,-647.97571
48.36975,232.76849,-647.63934
48.89362,232.94312,-647.47113
49.76672,233.46698,-648.31201
50.29057,231.89540,-648.81653
49.59210,232.59387,-647.47113
50.29057,231.89540,-646.46210
49.76672,231.02229,-648.31201
50.11595,232.41925,-646.29395
51.16368,232.41925,-647.97571
50.63982,231.54616,-647.80750
49.41748,232.41925,-647.63934
50.11595,234.51469,-648.31201
49.24286,231.54616,-647.47113
49.06824,227.52989,-652.34821
49.06824,227.52989,-652.34821
48.36975,225.43445,-652.01184
49.41748,233.46698,-648.64838
49.76672,232.76849,-647.30298
50.98906,231.54616,-647.13477
49.76672,233.81622,-646.96661
49.76672,232.76849,-648.31201
51.33830,232.94312,-646.12573
51.33830,233.29236,-648.14386
49.94133,232.94312,-647.47113
50.63982,232.94312,-646.79846
50.46519,234.51469,-646.63025
50.81444,232.41925,-647.63934
49.59210,232.59387,-647.80750
51.16368,232.41925,-647.97571
49.06824,232.41925,-648.64838
49.41748,232.41925,-648.31201
50.63982,231.89540,-647.80750
51.33830,233.99083,-647.13477
50.81444,232.41925,-645.28491
51.68753,232.59387,-646.46210
51.68753,232.59387,-646.46210
50.46519,232.76849,-647.30298
49.76672,231.37154,-647.97571
50.11595,231.37154,-647.63934
48.89362,231.54616,-648.48022
48.36975,232.07002,-647.97571
48.54437,230.84767,-648.48022
50.98906,232.24463,-646.79846
50.81444,230.67305,-647.63934
50.46519,232.07002,-647.63934
50.98906,231.54616,-646.79846
51.51292,232.76849,-647.63934
49.59210,232.94312,-648.14386
49.76672,232.07002,-647.30298
49.41748,232.07002,-647.30298
50.81444,232.41925,-648.64838
49.59210,231.54616,-647.13477
50.46519,232.76849,-648.31201
50.29057,233.29236,-647.47113
50.63982,232.24463,-648.14386
50.46519,231.72078,-648.31201
50.81444,233.11774,-646.96661
49.94133,232.59387,-648.81653
50.46519,232.41925,-647.30298
49.94133,232.24463,-648.14386
52.21140,232.07002,-647.30298
49.94133,231.19691,-648.14386
49.94133,229.79996,-648.14386
50.29057,232.24463,-647.80750
61.64088,229.97458,-664.79309
62.68860,228.92685,-663.78406
50.81444,232.76849,-649.32104
50.46519,231.37154,-648.98474
51.16368,231.02229,-647.63934
51.16368,231.37154,-648.64838
51.51292,230.32382,-647.97571
49.06824,231.72078,-648.31201
51.51292,230.32382,-646.96661
50.46519,231.37154,-647.63934
50.63982,230.84767,-648.81653
50.46519,232.07002,-649.32104
50.46519,231.72078,-648.31201
51.51292,231.72078,-648.31201
50.46519,232.07002,-648.31201
49.24286,231.89540,-649.82556
49.76672,230.32382,-648.98474
50.98906,231.89540,-648.48022
50.11595,231.72078,-647.63934
49.59210,232.59387,-647.47113
52.21140,231.02229,-648.98474
52.21140,231.02229,-648.98474
49.59210,231.19691,-647.80750
49.94133,231.19691,-648.81653
49.94133,231.54616,-648.14386
49.59210,231.89540,-649.15289
51.33830,231.19691,-648.81653
49.76672,231.02229,-649.65741
50.63982,231.54616,-648.81653
49.94133,230.84767,-648.81653
49.41748,233.11774,-647.97571
49.59210,232.59387,-648.48022
50.11595,232.41925,-648.31201
49.76672,231.02229,-649.32104
50.63982,231.54616,-647.47113
50.81444,232.07002,-648.98474
50.81444,232.07002,-648.31201
50.11595,231.72078,-647.97571
50.11595,230.67305,-649.32104
50.81444,231.72078,-648.98474
49.76672,232.41925,-650.33008
50.63982,231.19691,-649.48926
49.76672,231.37154,-647.63934
50.29057,230.84767,-647.80750
50.11595,231.37154,-648.64838
49.06824,231.72078,-648.98474
49.76672,232.07002,-647.63934
49.94133,230.84767,-648.81653
50.46519,231.72078,-648.64838
50.98906,232.94312,-648.14386
48.19513,225.95831,-651.84369
47.32204,224.73598,-652.34821
50.63982,229.10147,-650.83466
51.51292,233.46698,-649.65741
51.51292,231.37154,-648.31201
50.81444,230.32382,-647.97571
50.11595,231.72078,-648.31201
49.94133,232.59387,-649.15289
49.94133,230.84767,-648.48022
49.41748,231.72078,-648.98474
49.41748,231.72078,-648.98474
49.94133,231.89540,-648.14386
49.94133,231.89540,-648.14386
49.94133,231.54616,-649.15289
49.94133,231.89540,-648.48022
49.24286,230.84767,-649.82556
49.41748,231.37154,-647.97571
49.06824,232.07002,-649.32104
50.46519,232.41925,-648.31201
50.63982,231.19691,-648.81653
49.41748,232.76849,-649.32104
50.81444,232.07002,-649.32104
49.76672,231.72078,-647.63934
49.24286,231.89540,-647.47113
49.59210,232.59387,-647.13477
49.94133,231.19691,-648.81653
49.59210,232.24463,-647.80750
48.54437,230.84767,-649.48926
49.06824,231.72078,-647.97571
49.94133,231.19691,-649.15289
49.41748,231.72078,-648.64838
50.98906,232.59387,-648.14386
49.59210,230.49843,-648.81653
49.94133,231.89540,-648.48022
50.63982,231.54616,-649.15289
50.46519,232.41925,-648.98474
49.06824,231.72078,-648.98474
49.41748,232.07002,-649.65741
50.46519,234.16545,-648.98474
50.46519,232.41925,-649.99377
47.84590,232.94312,-649.82556
50.29057,232.94312,-648.81653
50.81444,231.02229,-648.98474
48.89362,233.29236,-648.14386
49.76672,231.72078,-648.31201
49.41748,232.07002,-648.31201
50.11595,231.37154,-647.97571
51.33830,231.54616,-649.15289
49.76672,233.11774,-648.31201
49.59210,232.94312,-648.14386
49.76672,229.97458,-649.99377
63.38708,227.18065,-664.12042
63.38708,229.27609,-664.12042
50.46519,231.72078,-648.31201
49.76672,231.72078,-648.31201
49.76672,231.72078,-648.31201
49.94133,233.29236,-649.82556
49.94133,233.29236,-649.82556
50.29057,230.84767,-649.82556
49.94133,231.54616,-648.14386
49.94133,231.54616,-648.14386
51.33830,232.59387,-649.82556
48.19513,232.24463,-649.15289
50.63982,231.54616,-648.14386
49.59210,230.49843,-649.15289
50.11595,231.72078,-648.98474
50.63982,232.24463,-649.15289
48.19513,231.54616,-648.48022
48.89362,231.19691,-649.15289
49.59210,231.54616,-648.81653
49.41748,232.07002,-648.98474
49.94133,231.54616,-648.48022
47.67128,232.07002,-648.31201
49.76672,231.72078,-647.63934
50.46519,233.11774,-648.98474
50.46519,232.41925,-649.32104
49.94133,231.54616,-647.47113
50.98906,232.24463,-648.81653
50.11595,232.41925,-647.97571
49.94133,232.94312,-649.15289
50.11595,231.72078,-647.97571
49.94133,232.24463,-649.15289
49.41748,230.67305,-648.98474
48.89362,232.59387,-648.48022
49.59210,232.24463,-648.81653
49.06824,231.37154,-647.30298
51.33830,231.89540,-648.14386
50.29057,231.54616,-648.14386
49.24286,231.19691,-646.79846
50.29057,231.19691,-649.48926
49.59210,231.89540,-648.81653
49.76672,232.76849,-647.97571
49.06824,230.67305,-648.31201
49.94133,232.24463,-648.14386
51.16368,232.07002,-648.98474
50.46519,231.02229,-648.98474
51.68753,233.29236,-647.80750
51.16368,231.02229,-648.98474
49.59210,232.59387,-648.81653
50.29057,232.24463,-648.48022
51.33830,230.84767,-647.47113
51.33830,230.84767,-647.47113
47.32204,225.43445,-651.67554
47.84590,225.25983,-652.51636
49.24286,231.19691,-648.14386
51.33830,231.19691,-647.80750
49.94133,232.24463,-648.81653
50.46519,231.37154,-647.63934
50.46519,231.37154,-647.63934
50.29057,232.59387,-648.14386
50.29057,232.59387,-648.14386
50.46519,232.41925,-648.31201
50.46519,232.07002,-649.65741
50.46519,233.11774,-647.97571
50.11595,231.37154,-648.64838
50.63982,232.24463,-647.80750
49.41748,231.37154,-647.97571
49.94133,232.24463,-648.14386
49.41748,230.67305,-648.31201
50.11595,231.37154,-647.63934
50.29057,232.24463,-648.48022
49.76672,231.72078,-648.98474
49.76672,230.32382,-648.98474
49.59210,232.24463,-647.80750
50.63982,232.24463,-647.80750
50.11595,231.37154,-648.64838
51.86215,231.37154,-647.63934
48.89362,231.54616,-647.47113
49.76672,231.72078,-649.65741
49.94133,232.24463,-649.48926
50.63982,232.94312,-649.48926
51.68753,231.89540,-648.81653
49.76672,231.72078,-648.31201
51.16368,233.46698,-648.31201
48.89362,230.49843,-648.48022
48.71899,233.11774,-647.63934
49.24286,232.59387,-648.81653
49.76672,230.32382,-648.98474
49.59210,232.24463,-649.48926
49.76672,232.41925,-647.97571
49.76672,231.37154,-651.00281
48.89362,232.59387,-648.48022
49.94133,231.89540,-648.81653
49.76672,232.76849,-647.63934
50.29057,231.89540,-646.46210
50.46519,232.76849,-647.63934
50.29057,232.59387,-648.48022
50.81444,231.37154,-647.63934
49.24286,231.54616,-649.15289
49.41748,229.97458,-648.31201
50.63982,232.59387,-647.47113
59.02158,224.56136,-660.25238
59.02158,224.56136,-660.25238
64.78404,228.92685,-663.78406
63.03784,229.62534,-665.12946
49.76672,232.07002,-648.31201
49.76672,231.72078,-648.64838
49.94133,231.89540,-647.80750
48.71899,232.41925,-646.63025
50.11595,232.76849,-649.32104
48.19513,231.19691,-648.14386
49.94133,232.94312,-647.80750
50.46519,232.76849,-648.98474
50.29057,231.89540,-648.48022
49.59210,231.89540,-649.48926
50.29057,231.54616,-647.80750
50.29057,231.19691,-648.14386
48.54437,232.59387,-648.81653
50.63982,231.89540,-646.79846
50.63982,233.29236,-648.81653
50.29057,231.54616,-649.15289
50.98906,231.89540,-647.80750
50.11595,231.72078,-649.65741
49.94133,231.54616,-649.82556
50.46519,232.41925,-648.64838
49.41748,231.37154,-648.64838
49.41748,232.76849,-646.96661
49.41748,232.41925,-648.64838
50.11595,230.67305,-648.31201
50.29057,232.24463,-648.48022
50.98906,232.59387,-648.14386
50.81444,233.81622,-650.33008
51.68753,232.94312,-647.13477
50.81444,233.11774,-648.64838
50.81444,231.72078,-648.98474
50.11595,232.76849,-648.98474
50.98906,232.59387,-647.80750
50.63982,232.59387,-648.14386
48.89362,231.54616,-648.14386
50.46519,232.07002,-646.96661
49.59210,232.59387,-648.14386
50.29057,231.54616,-647.80750
51.51292,231.37154,-647.63934
50.46519,232.76849,-647.30298
50.63982,230.49843,-648.14386
50.63982,232.24463,-648.48022
50.63982,232.24463,-648.48022
50.46519,232.07002,-648.98474
50.46519,232.41925,-647.97571
50.46519,232.41925,-647.97571
49.76672,232.41925,-648.98474
49.76672,232.41925,-648.98474
49.94133,232.59387,-648.81653
46.79817,224.56136,-652.85272
48.71899,225.43445,-652.68457
50.11595,231.02229,-648.31201
50.29057,231.89540,-648.14386
49.41748,231.72078,-647.63934
50.29057,232.59387,-648.14386
51.16368,232.07002,-647.63934
50.81444,231.37154,-648.98474
49.94133,232.59387,-648.81653
50.11595,230.67305,-648.64838
51.16368,232.41925,-648.64838
52.03677,231.89540,-648.81653
50.11595,232.07002,-647.97571
50.11595,232.76849,-648.98474
52.03677,233.29236,-649.15289
49.41748,232.41925,-647.97571
50.81444,231.02229,-648.31201
49.41748,232.76849,-648.98474
50.81444,231.02229,-650.33008
50.11595,232.07002,-648.64838
49.59210,232.94312,-648.14386
50.81444,232.41925,-648.31201
50.29057,232.59387,-648.14386
50.11595,231.02229,-648.98474
49.76672,232.41925,-649.99377
49.24286,231.54616,-648.81653
48.54437,231.19691,-649.15289
49.94133,232.59387,-647.80750
50.29057,231.89540,-649.15289
50.11595,230.32382,-648.98474
49.41748,231.02229,-648.98474
48.02052,232.07002,-647.97571
50.46519,231.02229,-648.64838
50.29057,230.14920,-647.80750
49.94133,231.89540,-647.80750
50.98906,230.14920,-648.48022
51.16368,232.07002,-647.63934
50.63982,231.19691,-648.14386
50.46519,232.41925,-648.98474
50.46519,233.46698,-647.97571
49.41748,232.41925,-649.65741
49.41748,232.41925,-649.65741
50.63982,231.89540,-649.48926
49.94133,232.24463,-648.48022
50.63982,231.54616,-649.48926
51.16368,233.81622,-647.30298
49.59210,232.59387,-648.48022
50.81444,230.67305,-649.32104
50.98906,231.19691,-649.15289
49.41748,232.41925,-649.65741
63.91093,229.10147,-666.97937
62.68860,229.27609,-665.80212
64.78404,229.27609,-665.80212
51.86215,232.41925,-649.99377
49.06824,231.02229,-648.64838
50.63982,231.54616,-648.14386
51.51292,232.07002,-648.31201
50.29057,231.19691,-650.16193
49.76672,229.62534,-649.32104
50.29057,231.89540,-648.14386
50.29057,232.59387,-648.48022
50.63982,233.29236,-648.81653
49.76672,229.62534,-648.64838
50.29057,230.84767,-649.15289
49.41748,231.37154,-648.98474
49.76672,231.02229,-648.64838
51.51292,231.72078,-649.32104
49.06824,231.02229,-647.97571
49.76672,231.02229,-648.98474
51.33830,231.19691,-646.79846
50.81444,230.67305,-647.63934
49.41748,231.72078,-649.32104
48.02052,232.41925,-648.98474
49.24286,231.19691,-648.48022
49.24286,231.54616,-649.15289
49.76672,232.76849,-649.32104
52.03677,231.19691,-647.13477
49.94133,231.89540,-648.81653
49.76672,231.72078,-647.97571
50.98906,231.54616,-648.81653
50.98906,231.54616,-648.81653
49.76672,232.41925,-648.31201
50.46519,231.02229,-649.32104
50.46519,231.02229,-649.32104
49.06824,232.41925,-647.97571
50.29057,231.89540,-648.48022
49.24286,231.89540,-649.82556
49.76672,232.41925,-647.63934
49.24286,231.54616,-649.48926
50.98906,231.54616,-648.48022
50.98906,231.54616,-648.48022
49.94133,231.89540,-647.80750
50.63982,232.59387,-648.81653
50.63982,232.59387,-648.81653
50.29057,231.89540,-648.81653
49.41748,231.02229,-649.65741
50.29057,231.19691,-649.15289
49.59210,231.54616,-649.15289
49.76672,231.02229,-648.31201
49.59210,231.19691,-649.15289
48.71899,229.27609,-651.33917
48.36975,226.13293,-651.67554
48.36975,226.13293,-652.34821
49.59210,231.89540,-647.47113
50.11595,230.67305,-647.63934
49.06824,231.72078,-649.65741
50.29057,232.24463,-648.81653
49.76672,231.37154,-649.32104
50.11595,231.72078,-649.32104
49.24286,232.59387,-649.15289
50.46519,233.46698,-648.64838
50.29057,230.49843,-649.15289
49.24286,232.24463,-648.14386
50.46519,231.37154,-647.97571
49.41748,230.67305,-648.64838
50.11595,231.37154,-648.98474
49.76672,233.46698,-648.64838
50.63982,232.24463,-648.14386
50.29057,232.24463,-649.48926
49.41748,231.72078,-648.64838
50.29057,233.29236,-648.1438